3,29,29
-0.009350121687873999 0.0014310402770852022 0.0093501220579316,-0.007399044977187799 0.01972223662490058 0.0073990451534233365,-0.0063157126470113015 0.04227889914768818 0.006315712715627437,-0.008963372010173427 0.06326204689559706 0.0089633723418109,-0.0063086334966720075 0.08593935385112639 0.006308633564584891,-0.0069240581635994485 0.1061067981959042 0.006924058292649284,-0.006876135847310392 0.12679790617149092 0.006876135971599573,-0.00844570116381957 0.14491914178996307 0.008445701444031062,-0.008772775217410208 0.16681636624020973 0.008772775530113588,-0.006379633863823292 0.18972605857912628 0.00637963393878943,-0.006864657045965039 0.214049383410351 0.006864657169113902,-0.0052572854721430395 0.23056331216551829 0.005257285435613877,-0.008340975409850617 0.2540616803995144 0.00834097567965854,-0.007154501645783235 0.2742661850719752 0.007154501797725574,-0.008499964628952974 0.29547810581758754 0.008499964914555055,-0.008840954926365085 0.31746111827924245 0.008840955245841511,-0.0067122303995399025 0.3388285930060298 0.006712230507546538,-0.009029921274533174 0.3609717848327531 0.009029921612781721,-0.009447603434910619 0.3795182915783942 0.009447603814652162,-0.0066227263616266295 0.39751151631377596 0.006622726460741838,-0.0073421923590811814 0.4204006556848407 0.007342192529668918,-0.0062114759650168236 0.4436263047898662 0.006211476023277974,-0.0074830235564676975 0.4605267732572862 0.007483023741045757,-0.008115928854965412 0.4841821661822099 0.008115929102416966,-0.006017824226479076 0.5035220769455123 0.0060178242655026535,-0.00673641366791692 0.5244924015944189 0.006736413778325947,-0.006567252763017163 0.543681308363785 0.0065672528566215645,-0.00733002083082065 0.5670295817580512 0.007330021000199253,-0.006823190952577091 0.5887246034349303 0.006823191071606668,-0.009960144908641562 0.607994870532546 0.009960145339299528,
-0.004164439927464746 0.0028098381362966504 0.004164439782371128,-0.0020584675176114915 0.019663426629877745 0.0020584671633083027,-0.0026031272214326173 0.0422571686820861 0.002603126921236511,-0.0012458053603342887 0.06454144048830279 0.0012458049253003646,-0.0019969151991268063 0.08592422749562223 0.0019969148387089437,-0.0013900629449216757 0.10533412517916962 0.0013900625242184556,-0.0035295267605413615 0.1278416167831852 0.0035295265523747846,-0.002533724550073863 0.14664339883950256 0.0025337242429832206,-0.0017874478051653246 0.16710798909310992 0.0017874474239387452,-0.0006639881152230537 0.18842112417970797 0.0006639876223907767,-0.003111858643255759 0.20772143382939634 0.0031118583935975806,0.0008451628683089352 0.23189071681457601 -2.2351742678949904e-10,-0.0025982875331799623 0.2533361347622788 0.002598287232503076,-0.0025523402274443404 0.27330665891906447 0.002552339922202999,-0.0009811391024691126 0.29498966585195857 0.000981138641142957,0.00034382410055910917 0.31498566727658855 -2.2351742678949904e-10,-0.0029694735206546325 0.3378828608242313 0.0029694732568517623,-0.0013964168665269415 0.35710862149788325 0.0013964164464549268,-0.0032609064342634816 0.37818381509110766 0.0032609061994118716,-0.0035094014968044397 0.40142103421633435 0.0035094012866385975,-0.003080805031867615 0.42057832883771473 0.003080804779124538,-0.00018149732328620363 0.441639913072558 0.00018149678252277099,-0.0010894479154086897 0.45979815011450703 0.0010894474648420484,-0.003343906756522552 0.4806829654626803 0.0033439065299162834,-0.0014827509744770573 0.5023562909668612 0.001482750562981566,-0.0028824871986380166 0.5254033662920937 0.0028824869261938318,-0.004580299954937445 0.547804687530087 0.00458029985115581,-0.0038105059244784153 0.5678827764946208 0.0038105057442246117,-0.00015840218910770674 0.5879831587117128 0.00015840164604997853,-0.0034367031021253205 0.6080846965341284 0.0034367028847375413,
0.005113800488092679 0.000625605041907879 -2.2351742678949904e-10,0.007600922554137801 0.019290248510841376 -2.2351742678949904e-10,0.008968259324685035 0.042657709109423285 -2.2351742678949904e-10,0.008046448492915637 0.06323675381916713 -2.2351742678949904e-10,0.0057189440109585155 0.08400757108829436 -2.2351742678949904e-10,0.009269404515552415 0.10671901952817396 -2.2351742678949904e-10,0.005094914520224425 0.12698269909652327 -2.2351742678949904e-10,0.008325582507533014 0.14332880963257558 -2.2351742678949904e-10,0.00915721285536436 0.16627063706423073 -2.2351742678949904e-10,0.009474548585419296 0.19062973203019118 -2.2351742678949904e-10,0.007432184211895454 0.2090486554537831 -2.2351742678949904e-10,0.009305537636146388 0.23360861891434317 -2.2351742678949904e-10,0.007398861260713707 0.2524441768092486 -2.2351742678949904e-10,0.00710152161480726 0.2731419243527002 -2.2351742678949904e-10,0.010911708808414022 0.29349395503142967 -2.2351742678949904e-10,0.00895326206997532 0.31254321578633376 -2.2351742678949904e-10,0.010002585174360978 0.3362272455659154 -2.2351742678949904e-10,0.008280569459859444 0.3605610065443135 -2.2351742678949904e-10,0.007603832442812264 0.3767927100121224 -2.2351742678949904e-10,0.007900542867955163 0.3993252350270315 -2.2351742678949904e-10,0.006630580089573901 0.419839676116608 -2.2351742678949904e-10,0.008938716281399417 0.4400890029099146 -2.2351742678949904e-10,0.00814733364996656 0.46326580925956884 -2.2351742678949904e-10,0.00944335476813285 0.48426065136682755 -2.2351742678949904e-10,0.0056204894862570964 0.5071282739451308 -2.2351742678949904e-10,0.009506116564257316 0.5255022308445123 -2.2351742678949904e-10,0.00960965545702619 0.546958215909641 -2.2351742678949904e-10,0.007288205527493319 0.567886060745594 -2.2351742678949904e-10,0.006041280745803013 0.5892125416269598 -2.2351742678949904e-10,0.008383674164467225 0.6076690351290606 -2.2351742678949904e-10,
0.019622776051624907 6.188931013186408e-05 -2.2351742678949904e-10,0.021463649157778958 0.02091415717083764 -2.2351742678949904e-10,0.017982790791819164 0.04023906058977569 -2.2351742678949904e-10,0.015512226048820466 0.06692806491799819 -2.2351742678949904e-10,0.02074262249968481 0.08251046707125761 -2.2351742678949904e-10,0.02022036718215167 0.10386077338161141 -2.2351742678949904e-10,0.018230573537011685 0.12535729933006454 -2.2351742678949904e-10,0.01817579643471723 0.14637060003609667 -2.2351742678949904e-10,0.018355788117755845 0.16476185426550352 -2.2351742678949904e-10,0.02036908844913099 0.18758351631177164 -2.2351742678949904e-10,0.01853840530710721 0.20977607056979977 -2.2351742678949904e-10,0.02178403004401802 0.23137858974715914 -2.2351742678949904e-10,0.01888865591156816 0.25043597667318246 -2.2351742678949904e-10,0.019338505623526236 0.27392839769549165 -2.2351742678949904e-10,0.016860502228824903 0.2960486665839561 -2.2351742678949904e-10,0.02157062191964032 0.3139658874508234 -2.2351742678949904e-10,0.020414975284022363 0.3342464350730373 -2.2351742678949904e-10,0.021434197032181218 0.3576247433937428 -2.2351742678949904e-10,0.021781934703660466 0.3764545779146507 -2.2351742678949904e-10,0.021589854145951687 0.40124239268139184 -2.2351742678949904e-10,0.019015851836351017 0.42201045392723746 -2.2351742678949904e-10,0.021513665548222122 0.4422708439256128 -2.2351742678949904e-10,0.018941816030693392 0.46296960501961365 -2.2351742678949904e-10,0.017430071978399297 0.4857300476007223 -2.2351742678949904e-10,0.015885677992990344 0.5052552787257394 -2.2351742678949904e-10,0.01878774838859873 0.5260087302576308 -2.2351742678949904e-10,0.01774215549692007 0.5436289115140371 -2.2351742678949904e-10,0.020855430352757803 0.569133027655854 -2.2351742678949904e-10,0.020760741906809266 0.5876174246516528 -2.2351742678949904e-10,0.020284411933140928 0.6082485266641569 -2.2351742678949904e-10,
0.02805551237700571 0.0012808383141746696 -2.2351742678949904e-10,0.03139771384240153 0.02076276812802699 -2.2351742678949904e-10,0.03334995370999447 0.043688255526921384 -2.2351742678949904e-10,0.03126153020301259 0.0646274913145936 -2.2351742678949904e-10,0.0285427737855177 0.08647020158449717 -2.2351742678949904e-10,0.028757704764442338 0.1061599920656719 -2.2351742678949904e-10,0.03276163810362054 0.12520056569954435 -2.2351742678949904e-10,0.033852913937380796 0.14953681432199417 -2.2351742678949904e-10,0.033870837323187436 0.1712384762438734 -2.2351742678949904e-10,0.03193822575476199 0.18915805975843325 -2.2351742678949904e-10,0.028429394378955086 0.20800080929658138 -2.2351742678949904e-10,0.03238387216500305 0.230036443747413 -2.2351742678949904e-10,0.02746991884867156 0.25515093321804205 -2.2351742678949904e-10,0.03270304713464353 0.27412893601808064 -2.2351742678949904e-10,0.03215762923786325 0.2928519075554166 -2.2351742678949904e-10,0.02889482145133654 0.31531657531167473 -2.2351742678949904e-10,0.03384896809108959 0.33252770107303564 -2.2351742678949904e-10,0.03253263486974628 0.361378030513983 -2.2351742678949904e-10,0.028131617117405028 0.38041391101798305 -2.2351742678949904e-10,0.03030807688086079 0.3988190153375988 -2.2351742678949904e-10,0.030803228392061066 0.42295064318314757 -2.2351742678949904e-10,0.0323062431392179 0.43962703970949335 -2.2351742678949904e-10,0.03162650052778576 0.46171785415286215 -2.2351742678949904e-10,0.03442133944526607 0.48378541798288965 -2.2351742678949904e-10,0.03157418547752194 0.5053239278020718 -2.2351742678949904e-10,0.031237205577298616 0.525102816703408 -2.2351742678949904e-10,0.02876907492646061 0.5446930570509558 -2.2351742678949904e-10,0.028939192129656927 0.5650840549892819 -2.2351742678949904e-10,0.032268512145914946 0.5884775158758694 -2.2351742678949904e-10,0.033433154082221084 0.6085782639001287 -2.2351742678949904e-10,
0.04235572040727456 0.0005580298966074949 -2.2351742678949904e-10,0.03969307988728624 0.02023152760725933 -2.2351742678949904e-10,0.04363498492908152 0.040579228388088084 -2.2351742678949904e-10,0.04202805840690044 0.059246263225917264 -2.2351742678949904e-10,0.04442923946834429 0.0822244572426985 -2.2351742678949904e-10,0.04403422286963493 0.10383391335325463 -2.2351742678949904e-10,0.04015346365144695 0.1259870357688729 -2.2351742678949904e-10,0.044278038377709494 0.14607578532118493 -2.2351742678949904e-10,0.04264555487336888 0.16900168405948846 -2.2351742678949904e-10,0.04176911973798772 0.1869080283647996 -2.2351742678949904e-10,0.0395629568557736 0.20978174189888008 -2.2351742678949904e-10,0.04205556334726818 0.2297606805522871 -2.2351742678949904e-10,0.04420025931399846 0.2507022065581977 -2.2351742678949904e-10,0.043509510510563926 0.2739426361994239 -2.2351742678949904e-10,0.043739896510042814 0.2946803204793741 -2.2351742678949904e-10,0.04162778081012214 0.3166178444185718 -2.2351742678949904e-10,0.04141067025550721 0.3354436785039 -2.2351742678949904e-10,0.04035212270723759 0.35802871515073387 -2.2351742678949904e-10,0.04145864360690077 0.3773861213219238 -2.2351742678949904e-10,0.041761434309766754 0.40011493928373487 -2.2351742678949904e-10,0.04329333831091098 0.41903258601211457 -2.2351742678949904e-10,0.040845319218113046 0.4438821447575056 -2.2351742678949904e-10,0.04373791632667878 0.4638228073295675 -2.2351742678949904e-10,0.04007322922732259 0.48300202420523397 -2.2351742678949904e-10,0.04181670202175852 0.5040139644725131 -2.2351742678949904e-10,0.04185051298230988 0.5256759462184972 -2.2351742678949904e-10,0.04377874724981215 0.543705447329883 -2.2351742678949904e-10,0.04167540697911948 0.5664193027577824 -2.2351742678949904e-10,0.041137806333779114 0.5902869502149892 -2.2351742678949904e-10,0.04382069292097496 0.6073836178070947 -2.2351742678949904e-10,
0.05393117668512537 0.0002279705525398607 -2.2351742678949904e-10,0.0519671922321977 0.020172629893413112 -2.2351742678949904e-10,0.05284227641155795 0.04240629225159772 -2.2351742678949904e-10,0.05292537006928341 0.06177734149938111 -2.2351742678949904e-10,0.05622350837009085 0.08434337058696938 -2.2351742678949904e-10,0.05327661356435981 0.10655610057343289 -2.2351742678949904e-10,0.05291124807079939 0.1245955275913836 -2.2351742678949904e-10,0.05421928780556812 0.1478354611726031 -2.2351742678949904e-10,0.05198392534206414 0.1688764559704592 -2.2351742678949904e-10,0.0527159403133573 0.18850949085013874 -2.2351742678949904e-10,0.053407317653920344 0.21158703372194787 -2.2351742678949904e-10,0.05221097606612898 0.23277045417082604 -2.2351742678949904e-10,0.055717282023041326 0.2508990004563062 -2.2351742678949904e-10,0.053603662266684726 0.27330650981890137 -2.2351742678949904e-10,0.05226241237604243 0.29305681051349847 -2.2351742678949904e-10,0.05550609153377703 0.3169648260681261 -2.2351742678949904e-10,0.053925391009779944 0.3354408787997779 -2.2351742678949904e-10,0.053555919205499125 0.3561263051147796 -2.2351742678949904e-10,0.053515480257657455 0.37555459621269305 -2.2351742678949904e-10,0.05250858544143727 0.39867702036904257 -2.2351742678949904e-10,0.05357151067365937 0.42125080241790713 -2.2351742678949904e-10,0.049907111912093655 0.44232800819165097 -2.2351742678949904e-10,0.05425314023691649 0.464322543283472 -2.2351742678949904e-10,0.052369646994292474 0.4853613435268396 -2.2351742678949904e-10,0.05442457248878266 0.5026271093013356 -2.2351742678949904e-10,0.05551474162562636 0.524630079650511 -2.2351742678949904e-10,0.054840126332448114 0.5449225255264516 -2.2351742678949904e-10,0.053560898859720624 0.5683781516896343 -2.2351742678949904e-10,0.05164891570758515 0.587360128239026 -2.2351742678949904e-10,0.05509840968617935 0.6074847732609776 -2.2351742678949904e-10,
0.06624333462028723 0.002146720520720972 -2.2351742678949904e-10,0.06716181393741971 0.020947475545442486 -2.2351742678949904e-10,0.06673410552709091 0.04044875869097586 -2.2351742678949904e-10,0.06285768101586206 0.06425336629655827 -2.2351742678949904e-10,0.06514457416105326 0.08377767783255466 -2.2351742678949904e-10,0.06294248489873822 0.10713005477926645 -2.2351742678949904e-10,0.06776160373387222 0.12778267798865345 -2.2351742678949904e-10,0.06584363053761777 0.1448851840406989 -2.2351742678949904e-10,0.06353966082882456 0.168121053700183 -2.2351742678949904e-10,0.06435928661439469 0.18866159720136075 -2.2351742678949904e-10,0.06498481869302342 0.2095208014414242 -2.2351742678949904e-10,0.06510357446243303 0.23139444605427772 -2.2351742678949904e-10,0.0637591039046001 0.253144930659653 -2.2351742678949904e-10,0.06388852467080552 0.27192703342375574 -2.2351742678949904e-10,0.06666491385056422 0.2922068504158688 -2.2351742678949904e-10,0.06295182684251532 0.31445158105636234 -2.2351742678949904e-10,0.06310525350399165 0.33904190096149084 -2.2351742678949904e-10,0.06513334220968314 0.35707407732436297 -2.2351742678949904e-10,0.06237767213866402 0.381564903408775 -2.2351742678949904e-10,0.06516634059469359 0.3984445193524878 -2.2351742678949904e-10,0.06378536548652503 0.41993623613003966 -2.2351742678949904e-10,0.06490364610580415 0.4408172163462032 -2.2351742678949904e-10,0.06360018205656723 0.4640012158377524 -2.2351742678949904e-10,0.06482765808867871 0.4821243899309073 -2.2351742678949904e-10,0.06456553140668927 0.5029291083310835 -2.2351742678949904e-10,0.06592901186629607 0.5283950269698311 -2.2351742678949904e-10,0.06765778108784659 0.5432557468035076 -2.2351742678949904e-10,0.0635590084736748 0.5661110192166146 -2.2351742678949904e-10,0.06534410054559 0.5900825950537805 -2.2351742678949904e-10,0.064910298146626 0.6060421293231769 -2.2351742678949904e-10,
0.07711127582595073 0.0017224211773395441 -2.2351742678949904e-10,0.07704314899494147 0.022893859646950575 -2.2351742678949904e-10,0.0783394430862211 0.04333251980465068 -2.2351742678949904e-10,0.07799320825580128 0.06574233048879255 -2.2351742678949904e-10,0.07847282995628316 0.08609522400243676 -2.2351742678949904e-10,0.07747147671120658 0.1007666689741965 -2.2351742678949904e-10,0.07823479619801252 0.12474319511612832 -2.2351742678949904e-10,0.07666557285432027 0.14503070095104872 -2.2351742678949904e-10,0.07536995989910827 0.1691485536870988 -2.2351742678949904e-10,0.07614143968631293 0.1886781153952195 -2.2351742678949904e-10,0.07398180310535793 0.2112248191130702 -2.2351742678949904e-10,0.07717993339611795 0.23243613019019874 -2.2351742678949904e-10,0.07696095440471806 0.254373053400921 -2.2351742678949904e-10,0.0772872904945634 0.2742031665987845 -2.2351742678949904e-10,0.07817919598721473 0.2952757265900193 -2.2351742678949904e-10,0.08063389930760034 0.3160522234032621 -2.2351742678949904e-10,0.07653539402113116 0.3349790597910592 -2.2351742678949904e-10,0.07418548573416209 0.3552497128446158 -2.2351742678949904e-10,0.07564173912479336 0.3801437016637524 -2.2351742678949904e-10,0.07569379331711579 0.4003885822683718 -2.2351742678949904e-10,0.07613172561754838 0.4210982468420948 -2.2351742678949904e-10,0.07509163672532979 0.4413597017818115 -2.2351742678949904e-10,0.07695357998127489 0.4629018728977061 -2.2351742678949904e-10,0.07820921111683224 0.4820217223882355 -2.2351742678949904e-10,0.07741045429238769 0.5023778424390305 -2.2351742678949904e-10,0.0752622809877237 0.5258819254594347 -2.2351742678949904e-10,0.07727683557042181 0.5439006519897243 -2.2351742678949904e-10,0.07989383976311937 0.5650703691791463 -2.2351742678949904e-10,0.07887447725372146 0.5901778812290788 -2.2351742678949904e-10,0.07991312536401785 0.6095459708452328 -2.2351742678949904e-10,
0.08881714052969178 0.0016778583112306757 -2.2351742678949904e-10,0.08804046926182066 0.02351805983315637 -2.2351742678949904e-10,0.0860036309113337 0.041671981724779414 -2.2351742678949904e-10,0.08949708089592706 0.06285570009665713 -2.2351742678949904e-10,0.08677771715891208 0.0839173825264688 -2.2351742678949904e-10,0.0860966220569398 0.10287366883634506 -2.2351742678949904e-10,0.08779842100830998 0.1272641517776236 -2.2351742678949904e-10,0.08626422515195684 0.14786373447759985 -2.2351742678949904e-10,0.08972803266743559 0.167014063772409 -2.2351742678949904e-10,0.08946994546967466 0.18697974298187783 -2.2351742678949904e-10,0.08615426048666255 0.2113322528368615 -2.2351742678949904e-10,0.08623526864863848 0.22964378396114918 -2.2351742678949904e-10,0.09175287292964779 0.2540907060164924 -2.2351742678949904e-10,0.08812010567322814 0.2742904868740548 -2.2351742678949904e-10,0.08899647070832217 0.2920779760909203 -2.2351742678949904e-10,0.08702449058838518 0.3154638577032718 -2.2351742678949904e-10,0.08693178976815216 0.33631200777191483 -2.2351742678949904e-10,0.08790401524259148 0.3603171263641979 -2.2351742678949904e-10,0.08810751723958432 0.3802567258589837 -2.2351742678949904e-10,0.08880720730357097 0.40044697329587436 -2.2351742678949904e-10,0.08890878810404917 0.4169348906291097 -2.2351742678949904e-10,0.08684442583959279 0.44059424465497354 -2.2351742678949904e-10,0.08887810337999447 0.46095470894087187 -2.2351742678949904e-10,0.08485287826456098 0.4836791597697273 -2.2351742678949904e-10,0.08769563700082195 0.5041117427248958 -2.2351742678949904e-10,0.08768674367579388 0.5254468113504572 -2.2351742678949904e-10,0.08728351764377643 0.549226674210669 -2.2351742678949904e-10,0.08850387932097384 0.5646568880024947 -2.2351742678949904e-10,0.08960254210281898 0.5917043183554005 -2.2351742678949904e-10,0.09065138968189965 0.6079262564925176 -2.2351742678949904e-10,
0.09864308337775698 0.00047267023622528533 -2.2351742678949904e-10,0.09916896673321757 0.019014127199200495 -2.2351742678949904e-10,0.10172986567121253 0.041423440802818845 -2.2351742678949904e-10,0.09952383529088377 0.06274652352337867 -2.2351742678949904e-10,0.09829210900121982 0.08554997136824248 -2.2351742678949904e-10,0.09928700560165057 0.10417471354297525 -2.2351742678949904e-10,0.09906338513423152 0.12766346461249173 -2.2351742678949904e-10,0.09818933673145958 0.14727458889537234 -2.2351742678949904e-10,0.09913228271588886 0.16600664552216376 -2.2351742678949904e-10,0.10118039414298258 0.1900131534960268 -2.2351742678949904e-10,0.09788549788031448 0.20932372530997043 -2.2351742678949904e-10,0.10004349160951209 0.23011871230489267 -2.2351742678949904e-10,0.10143745124880588 0.25431084633033385 -2.2351742678949904e-10,0.09780104922941099 0.27475409586118527 -2.2351742678949904e-10,0.09973702903367154 0.29427911103281523 -2.2351742678949904e-10,0.10094383335150026 0.3145968952896243 -2.2351742678949904e-10,0.10109832953375836 0.33448058015922255 -2.2351742678949904e-10,0.0972971831973124 0.3567984768559412 -2.2351742678949904e-10,0.10106371296193303 0.37858552354685854 -2.2351742678949904e-10,0.0996891855694658 0.3982892032536812 -2.2351742678949904e-10,0.0985822113267292 0.42315305835437117 -2.2351742678949904e-10,0.09766773949121207 0.4402306664434098 -2.2351742678949904e-10,0.10081577804196781 0.4631712786603213 -2.2351742678949904e-10,0.0991828935079006 0.48202265827693824 -2.2351742678949904e-10,0.0992451806072055 0.5046956879776794 -2.2351742678949904e-10,0.09758083117918681 0.5271494353374148 -2.2351742678949904e-10,0.09936726657941397 0.5465519614473279 -2.2351742678949904e-10,0.1005063223921975 0.5662425671437308 -2.2351742678949904e-10,0.10020896721030303 0.5885206694392252 -2.2351742678949904e-10,0.10453283680915135 0.6089496656099794 -2.2351742678949904e-10,
0.1121235956346879 0.0004718993520780099 -2.2351742678949904e-10,0.11119788873155367 0.02007157412430049 -2.2351742678949904e-10,0.11277694037666652 0.042073215799691026 -2.2351742678949904e-10,0.10868637309856238 0.06251638798250216 -2.2351742678949904e-10,0.11045877408170302 0.08436924546399377 -2.2351742678949904e-10,0.11254674411562207 0.10562205810726372 -2.2351742678949904e-10,0.10832475697384122 0.12312006868643048 -2.2351742678949904e-10,0.11179251773710563 0.14676708296834487 -2.2351742678949904e-10,0.11000446451063745 0.16871032725159538 -2.2351742678949904e-10,0.11202393151742385 0.1903738004364438 -2.2351742678949904e-10,0.10917850030227438 0.2117964391282966 -2.2351742678949904e-10,0.11126825809797883 0.22940829943495328 -2.2351742678949904e-10,0.11025562123112265 0.2540605307162152 -2.2351742678949904e-10,0.11096650557684962 0.2756460098469575 -2.2351742678949904e-10,0.11361816769069152 0.2929176353578535 -2.2351742678949904e-10,0.1130803524729963 0.3157501711350907 -2.2351742678949904e-10,0.11378180650972919 0.33606753408942186 -2.2351742678949904e-10,0.11284904449257427 0.35775190823664993 -2.2351742678949904e-10,0.11230172246271616 0.37540982592798294 -2.2351742678949904e-10,0.10919551705646571 0.4005305635693975 -2.2351742678949904e-10,0.1121926227278075 0.4193717801220875 -2.2351742678949904e-10,0.10872552810025382 0.4411821159343581 -2.2351742678949904e-10,0.10899255200436464 0.4632893934009177 -2.2351742678949904e-10,0.11203957501228679 0.482195397659007 -2.2351742678949904e-10,0.1091735458887558 0.5031068590084568 -2.2351742678949904e-10,0.11234831333690634 0.5263212782557709 -2.2351742678949904e-10,0.11084029417891142 0.5455825943233613 -2.2351742678949904e-10,0.11126848907032305 0.5678028262754671 -2.2351742678949904e-10,0.10990306856069501 0.5876138649419698 -2.2351742678949904e-10,0.10926629611295746 0.6087416227897932 -2.2351742678949904e-10,
0.12089232367886937 0.0005319712367384689 -2.2351742678949904e-10,0.12160389660551943 0.01913403669960131 -2.2351742678949904e-10,0.12391172079958607 0.04280572587695621 -2.2351742678949904e-10,0.11982851411796547 0.0652410421183251 -2.2351742678949904e-10,0.12344581759457515 0.08328860184780369 -2.2351742678949904e-10,0.12332806990363421 0.1040643376173295 -2.2351742678949904e-10,0.12163396231548615 0.12821897261455778 -2.2351742678949904e-10,0.12125109011199503 0.14522256313863297 -2.2351742678949904e-10,0.12194957592204153 0.16592230898078975 -2.2351742678949904e-10,0.1237560949921323 0.18678959861161418 -2.2351742678949904e-10,0.12521944772120536 0.2118185295396879 -2.2351742678949904e-10,0.12337671243454279 0.2295486637206288 -2.2351742678949904e-10,0.12252433623252254 0.2523709218073556 -2.2351742678949904e-10,0.12072150073318305 0.2728413623704137 -2.2351742678949904e-10,0.1218329425620488 0.29434796604324726 -2.2351742678949904e-10,0.12248756880237532 0.3164334748471344 -2.2351742678949904e-10,0.12234282832572241 0.33740615762452786 -2.2351742678949904e-10,0.12344673981497092 0.35632390125741814 -2.2351742678949904e-10,0.12142573895207057 0.3785359845648886 -2.2351742678949904e-10,0.12178060456392345 0.40012596041651755 -2.2351742678949904e-10,0.12136812977193129 0.41861538584751656 -2.2351742678949904e-10,0.12460569061225035 0.4411847331203377 -2.2351742678949904e-10,0.12034430185602274 0.46092000194919935 -2.2351742678949904e-10,0.12480801790763246 0.479729600928422 -2.2351742678949904e-10,0.12159615948319882 0.505219470924328 -2.2351742678949904e-10,0.1233980927878853 0.5234410424766114 -2.2351742678949904e-10,0.1223775804491185 0.5480316660954763 -2.2351742678949904e-10,0.12271048869225012 0.5684864075071281 -2.2351742678949904e-10,0.12366055943400531 0.587937524529932 -2.2351742678949904e-10,0.11736412563273782 0.6065344091227657 -2.2351742678949904e-10,
0.135036485747149 0.00015259480780591513 -2.2351742678949904e-10,0.1349385943644245 0.020931617138842264 -2.2351742678949904e-10,0.13126548945111605 0.042324662887751684 -2.2351742678949904e-10,0.13350416435381057 0.06194437468261177 -2.2351742678949904e-10,0.13749324304454186 0.0859563868481657 -2.2351742678949904e-10,0.1307616787736189 0.1044726064019995 -2.2351742678949904e-10,0.13439371792935967 0.1267310075215062 -2.2351742678949904e-10,0.13580236769770906 0.14970593579810482 -2.2351742678949904e-10,0.13324471871816607 0.16866583240094513 -2.2351742678949904e-10,0.1358605905616965 0.1868537597294181 -2.2351742678949904e-10,0.13549705446983984 0.20918087164823895 -2.2351742678949904e-10,0.13229964968327096 0.23415609199212628 -2.2351742678949904e-10,0.12998566481356474 0.2517724139465452 -2.2351742678949904e-10,0.13280614855318543 0.27557540603267017 -2.2351742678949904e-10,0.13376019029434932 0.29217389707421143 -2.2351742678949904e-10,0.13369669214425964 0.31684879175538905 -2.2351742678949904e-10,0.13686760895298716 0.33804543826156414 -2.2351742678949904e-10,0.13574861782657877 0.35582327073679504 -2.2351742678949904e-10,0.13391294487875957 0.3803464252327401 -2.2351742678949904e-10,0.1324781198317426 0.39695351616725183 -2.2351742678949904e-10,0.13301059107637558 0.4205906141649287 -2.2351742678949904e-10,0.1325856957258685 0.4411998811794855 -2.2351742678949904e-10,0.13546219452224695 0.46437599521348455 -2.2351742678949904e-10,0.13474568337151185 0.48312353501526134 -2.2351742678949904e-10,0.13457137066336286 0.5069503356776806 -2.2351742678949904e-10,0.1364634594103717 0.5234958238925557 -2.2351742678949904e-10,0.13391902286976945 0.5447005137847594 -2.2351742678949904e-10,0.1337858747818673 0.5713737130445875 -2.2351742678949904e-10,0.1343806673199969 0.5886871465199666 -2.2351742678949904e-10,0.13678648384110273 0.6087718100963517 -2.2351742678949904e-10,
0.14372441321580792 0.0005044597522429274 -2.2351742678949904e-10,0.145870127223909 0.018972247969865713 -2.2351742678949904e-10,0.1452236100314685 0.03921989470913283 -2.2351742678949904e-10,0.14287451876493537 0.06530101867064027 -2.2351742678949904e-10,0.14447112363195871 0.08608622546486092 -2.2351742678949904e-10,0.1454914970842149 0.10428964757860582 -2.2351742678949904e-10,0.14635819319058813 0.125707193907649 -2.2351742678949904e-10,0.14474778286178935 0.14684513610532837 -2.2351742678949904e-10,0.14728315817800108 0.16572306624705024 -2.2351742678949904e-10,0.14448981556428867 0.18702586961758694 -2.2351742678949904e-10,0.14724345221422808 0.21093204543944397 -2.2351742678949904e-10,0.14868191058344898 0.23156816952226433 -2.2351742678949904e-10,0.14564629847927768 0.251027703126865 -2.2351742678949904e-10,0.14661584055312632 0.2768392957840619 -2.2351742678949904e-10,0.1480234267457287 0.29352946503009447 -2.2351742678949904e-10,0.14444343724887282 0.31750920944863675 -2.2351742678949904e-10,0.1480630410178987 0.33698293956191006 -2.2351742678949904e-10,0.14500261373633302 0.35791599267478624 -2.2351742678949904e-10,0.1456490178637228 0.3788803957034191 -2.2351742678949904e-10,0.14409236995149566 0.3963940193155819 -2.2351742678949904e-10,0.14420904823828531 0.4215526911433596 -2.2351742678949904e-10,0.14560054930543742 0.4418574676326808 -2.2351742678949904e-10,0.14575475857650444 0.4647662106779675 -2.2351742678949904e-10,0.14694751944921544 0.4835374914091888 -2.2351742678949904e-10,0.14393970819084212 0.5025872364765201 -2.2351742678949904e-10,0.14630158943410232 0.5265960522816205 -2.2351742678949904e-10,0.14047745312741503 0.5457224498988128 -2.2351742678949904e-10,0.14309115574604026 0.5667399839015779 -2.2351742678949904e-10,0.14502000709785373 0.5865072714152333 -2.2351742678949904e-10,0.14579272580590083 0.6065566549272232 -2.2351742678949904e-10,
0.15513380948535124 0.0023576640999264597 -2.2351742678949904e-10,0.15744385128043614 0.021718030820721924 -2.2351742678949904e-10,0.1568249612002492 0.040508440492181504 -2.2351742678949904e-10,0.15704407440172152 0.06115180266077883 -2.2351742678949904e-10,0.15828114920505193 0.08527562668709805 -2.2351742678949904e-10,0.15556158126391545 0.10471018617396169 -2.2351742678949904e-10,0.15750065825874995 0.12605703500648072 -2.2351742678949904e-10,0.1545766487920736 0.14704609121899342 -2.2351742678949904e-10,0.1576647527419886 0.16617114449845474 -2.2351742678949904e-10,0.15484468713587377 0.1879736555052691 -2.2351742678949904e-10,0.15663107254956815 0.21297213882263222 -2.2351742678949904e-10,0.15800915251253211 0.23042929697494716 -2.2351742678949904e-10,0.15448712971554912 0.2525780713932006 -2.2351742678949904e-10,0.1574651846807147 0.2717425428819212 -2.2351742678949904e-10,0.15683948710008797 0.29118159004612987 -2.2351742678949904e-10,0.15573025316979117 0.3140700693144951 -2.2351742678949904e-10,0.1576444944349514 0.3339360880711481 -2.2351742678949904e-10,0.1591185542526219 0.35411635449645035 -2.2351742678949904e-10,0.1584525696603301 0.3797422053288497 -2.2351742678949904e-10,0.1545429440252058 0.39616974274920136 -2.2351742678949904e-10,0.15584407524404845 0.42085288471221616 -2.2351742678949904e-10,0.15837773610116274 0.44254666031548107 -2.2351742678949904e-10,0.15536329306187557 0.4646875742409501 -2.2351742678949904e-10,0.15504896604542417 0.4837242619664889 -2.2351742678949904e-10,0.15795822203230003 0.5027425144039173 -2.2351742678949904e-10,0.15912544983651034 0.5234419786195359 -2.2351742678949904e-10,0.15800723471324052 0.5443521920047601 -2.2351742678949904e-10,0.15656372564879076 0.5665566719663698 -2.2351742678949904e-10,0.1561079480130143 0.589395425545161 -2.2351742678949904e-10,0.15548337299055837 0.6091114841815034 -2.2351742678949904e-10,
0.166126786344178 0.0036952581766079213 -2.2351742678949904e-10,0.1711751169834259 0.01926883625143384 -2.2351742678949904e-10,0.1671102093515835 0.043387306173986284 -2.2351742678949904e-10,0.17049811785281327 0.06137095457694593 -2.2351742678949904e-10,0.16662987195415468 0.083559291240271 -2.2351742678949904e-10,0.1665017652983741 0.10458063596548345 -2.2351742678949904e-10,0.16952601394487676 0.12359817035342067 -2.2351742678949904e-10,0.1691041217606225 0.1458453514869257 -2.2351742678949904e-10,0.1671131703486789 0.16892626038763237 -2.2351742678949904e-10,0.16598299358365542 0.18871412218775183 -2.2351742678949904e-10,0.16976139034726778 0.20922075957879754 -2.2351742678949904e-10,0.16906252867056665 0.23009891838970237 -2.2351742678949904e-10,0.1662250104410741 0.25179294988724443 -2.2351742678949904e-10,0.1689331915528721 0.2725035406406099 -2.2351742678949904e-10,0.16967886817969205 0.2920483667024926 -2.2351742678949904e-10,0.16801833364305574 0.3138720329736325 -2.2351742678949904e-10,0.16878432813493616 0.33681484755429003 -2.2351742678949904e-10,0.1688273889030141 0.3538407140632102 -2.2351742678949904e-10,0.1684959107689592 0.37973153191244613 -2.2351742678949904e-10,0.16528363612679348 0.3976045533274284 -2.2351742678949904e-10,0.1659975850631879 0.42046027513092166 -2.2351742678949904e-10,0.16891305440445128 0.43912610914107564 -2.2351742678949904e-10,0.16743686044062828 0.4649950347099946 -2.2351742678949904e-10,0.1676090051262617 0.48241289118083575 -2.2351742678949904e-10,0.165910803626717 0.5026419922933962 -2.2351742678949904e-10,0.16745739389199527 0.52636162499693 -2.2351742678949904e-10,0.1685765767517869 0.5484030656755892 -2.2351742678949904e-10,0.1687260252063046 0.5693429305267164 -2.2351742678949904e-10,0.16854481141429672 0.5876947703552504 -2.2351742678949904e-10,0.1680881038282368 0.6083090212015758 -2.2351742678949904e-10,
0.17862807992738486 0.000902823412527277 -2.2351742678949904e-10,0.17940400706849685 0.01970144906031052 -2.2351742678949904e-10,0.1806065773826752 0.0444009789759543 -2.2351742678949904e-10,0.17769484909919114 0.060854215197004485 -2.2351742678949904e-10,0.1810455449562755 0.08360605886115055 -2.2351742678949904e-10,0.1824519996323466 0.10761638754128505 -2.2351742678949904e-10,0.1775619657877631 0.12569038679474473 -2.2351742678949904e-10,0.17919199473204753 0.14944093092142843 -2.2351742678949904e-10,0.178677745916979 0.1678049928215652 -2.2351742678949904e-10,0.17923286237814998 0.19165103970129926 -2.2351742678949904e-10,0.17999935636232095 0.20994176644623902 -2.2351742678949904e-10,0.18149174511863386 0.22938738946225679 -2.2351742678949904e-10,0.17999171505567305 0.251373967068991 -2.2351742678949904e-10,0.17978106081956508 0.26896199503487966 -2.2351742678949904e-10,0.18332715560985513 0.2927935669543337 -2.2351742678949904e-10,0.176033324304256 0.3142433986721302 -2.2351742678949904e-10,0.18194643628503868 0.33597687664479325 -2.2351742678949904e-10,0.1776992947247225 0.3563505794740265 -2.2351742678949904e-10,0.1779764227378716 0.3793937170621097 -2.2351742678949904e-10,0.1804638649017265 0.4017056477581574 -2.2351742678949904e-10,0.18089497677187594 0.42133542091834864 -2.2351742678949904e-10,0.180205721759635 0.43979435662305594 -2.2351742678949904e-10,0.18189864563232244 0.4616495771986947 -2.2351742678949904e-10,0.17730444996253517 0.48253021319085704 -2.2351742678949904e-10,0.1782856397160093 0.504283650939922 -2.2351742678949904e-10,0.1807980360950621 0.5244819464984491 -2.2351742678949904e-10,0.17861833718111264 0.5483469982088249 -2.2351742678949904e-10,0.17741865035935822 0.5664085261802103 -2.2351742678949904e-10,0.18232160593654506 0.5901000052449664 -2.2351742678949904e-10,0.18022580789132825 0.6070929912551528 -2.2351742678949904e-10,
0.19125660522189214 0.001756645748631173 -2.2351742678949904e-10,0.19033697043040418 0.01959135381994008 -2.2351742678949904e-10,0.19273105070479823 0.04253320780270365 -2.2351742678949904e-10,0.19374940851729167 0.06283165736361451 -2.2351742678949904e-10,0.19437094856940898 0.08421941490516217 -2.2351742678949904e-10,0.18843290980930594 0.1067135514006686 -2.2351742678949904e-10,0.18932797793997824 0.1262395235776961 -2.2351742678949904e-10,0.18851266399576 0.14874455596917416 -2.2351742678949904e-10,0.1903687922489432 0.16804438789878992 -2.2351742678949904e-10,0.1904535324208996 0.18769095293374505 -2.2351742678949904e-10,0.19063010940227942 0.2104926655752506 -2.2351742678949904e-10,0.18958988788367068 0.23443131059557631 -2.2351742678949904e-10,0.19078779421757203 0.2522516674888234 -2.2351742678949904e-10,0.1902708575150973 0.2719106955864404 -2.2351742678949904e-10,0.1906522864424029 0.2959769441075683 -2.2351742678949904e-10,0.1913883617937549 0.31390517405046225 -2.2351742678949904e-10,0.18818818662226527 0.3374188195478679 -2.2351742678949904e-10,0.19061187492276732 0.3554209063423485 -2.2351742678949904e-10,0.19106749439889967 0.37979906659989715 -2.2351742678949904e-10,0.19229963338345513 0.39885980306836494 -2.2351742678949904e-10,0.1925385165908876 0.42102181597349586 -2.2351742678949904e-10,0.19080736883957536 0.44381795640596877 -2.2351742678949904e-10,0.1908614207750308 0.4636426423131996 -2.2351742678949904e-10,0.19035404314534624 0.48379886121397164 -2.2351742678949904e-10,0.19135565570968502 0.5057605345662215 -2.2351742678949904e-10,0.18962838256338566 0.5259211860533033 -2.2351742678949904e-10,0.19005361001198193 0.5491430711459823 -2.2351742678949904e-10,0.18990984735664856 0.5668575064567825 -2.2351742678949904e-10,0.19367245936244548 0.5880241696937815 -2.2351742678949904e-10,0.19133148838021435 0.6081282770076563 -2.2351742678949904e-10,
0.20086068708357252 0.0007142829318783133 -2.2351742678949904e-10,0.20226007151882838 0.020763379811694658 -2.2351742678949904e-10,0.2024712809936427 0.04267883967402234 -2.2351742678949904e-10,0.20442913651206898 0.06463202120272984 -2.2351742678949904e-10,0.205461940443507 0.08460393155141878 -2.2351742678949904e-10,0.20546579621471575 0.10432521605931379 -2.2351742678949904e-10,0.20527068219200023 0.12745826446543018 -2.2351742678949904e-10,0.20213359672473774 0.14924716340177618 -2.2351742678949904e-10,0.20407961825424287 0.1683005136938836 -2.2351742678949904e-10,0.20305784493286377 0.18932393120416724 -2.2351742678949904e-10,0.2017965119435987 0.21021221736555307 -2.2351742678949904e-10,0.20013592283984646 0.2313234642311091 -2.2351742678949904e-10,0.19989810847635026 0.25000745225328525 -2.2351742678949904e-10,0.20139635291971375 0.27246752540718855 -2.2351742678949904e-10,0.20199457391212577 0.2940366330228074 -2.2351742678949904e-10,0.20384742898057606 0.3188161766695571 -2.2351742678949904e-10,0.2023740628020898 0.3348549773799374 -2.2351742678949904e-10,0.20360859965758743 0.3594777298015383 -2.2351742678949904e-10,0.20433305736337354 0.3744696193169922 -2.2351742678949904e-10,0.1993170728139445 0.4014688791217488 -2.2351742678949904e-10,0.20525910051622445 0.4172854686930487 -2.2351742678949904e-10,0.20533418925806807 0.43962279589757935 -2.2351742678949904e-10,0.20348482649255595 0.4604686523714147 -2.2351742678949904e-10,0.20139118288425883 0.48055068646743015 -2.2351742678949904e-10,0.20169379139951418 0.5058831195032076 -2.2351742678949904e-10,0.2000404815605419 0.5271125667306167 -2.2351742678949904e-10,0.2017724917539097 0.5482154803786768 -2.2351742678949904e-10,0.20211644594993577 0.5662982722675299 -2.2351742678949904e-10,0.20142050538731993 0.5881473819218195 -2.2351742678949904e-10,0.20286763262350313 0.6054673949503478 -2.2351742678949904e-10,
0.21477631261788768 0.0006539401084795075 -2.2351742678949904e-10,0.21125750246546926 0.022559200761198592 -2.2351742678949904e-10,0.21215317715422577 0.042268531790234494 -2.2351742678949904e-10,0.21208898019413944 0.05908075841365434 -2.2351742678949904e-10,0.212076625596914 0.08481462689324397 -2.2351742678949904e-10,0.2161232169981131 0.10754426431056027 -2.2351742678949904e-10,0.21356241727202355 0.12659560476226478 -2.2351742678949904e-10,0.2131706055980604 0.14645555016864753 -2.2351742678949904e-10,0.2143384959292105 0.16899031107781065 -2.2351742678949904e-10,0.21489383246692856 0.18889483070978186 -2.2351742678949904e-10,0.21701608318520577 0.21321954362605572 -2.2351742678949904e-10,0.21479027275027798 0.23041713558233212 -2.2351742678949904e-10,0.21165245062534122 0.25212523551765564 -2.2351742678949904e-10,0.215572642134275 0.27365308515446923 -2.2351742678949904e-10,0.21591231165210237 0.29518173472283077 -2.2351742678949904e-10,0.2138655237821473 0.31308258955970286 -2.2351742678949904e-10,0.2156751803099704 0.33985131744183306 -2.2351742678949904e-10,0.21284795811760987 0.3556380570515449 -2.2351742678949904e-10,0.21661781005717784 0.3801848738783582 -2.2351742678949904e-10,0.21235822093963014 0.39890273748699495 -2.2351742678949904e-10,0.2127068963264569 0.41730611096752146 -2.2351742678949904e-10,0.21525544968852384 0.4407370171899597 -2.2351742678949904e-10,0.21248738366971842 0.4605932321954175 -2.2351742678949904e-10,0.21339646771516996 0.48406132531460166 -2.2351742678949904e-10,0.21186635956248728 0.5043668705602729 -2.2351742678949904e-10,0.21405354359767498 0.5260545113601067 -2.2351742678949904e-10,0.21496065576365453 0.543485396019608 -2.2351742678949904e-10,0.21674140467562944 0.5677005034149726 -2.2351742678949904e-10,0.21566677496992387 0.5869001201247788 -2.2351742678949904e-10,0.21211969809138662 0.6067412011795899 -2.2351742678949904e-10,
0.22262599473639072 0.0022614099585669214 -2.2351742678949904e-10,0.22287708010850102 0.02048033311238497 -2.2351742678949904e-10,0.2263594987880591 0.04382380881583732 -2.2351742678949904e-10,0.22593194439715422 0.06614671925291835 -2.2351742678949904e-10,0.22552815879946875 0.08528737966636743 -2.2351742678949904e-10,0.2244225354456175 0.10559122252027509 -2.2351742678949904e-10,0.22503216440219073 0.12534113119942253 -2.2351742678949904e-10,0.22482895371265954 0.14742534091125886 -2.2351742678949904e-10,0.2291000712146602 0.1677425806012448 -2.2351742678949904e-10,0.22439137993260996 0.18984662441115308 -2.2351742678949904e-10,0.223102428708597 0.21452286685635774 -2.2351742678949904e-10,0.22716315202597415 0.23195917998546023 -2.2351742678949904e-10,0.22457131711340447 0.2522190273852432 -2.2351742678949904e-10,0.22560923240109348 0.2738229046565428 -2.2351742678949904e-10,0.22754151129857383 0.29457968396775963 -2.2351742678949904e-10,0.2249498496208417 0.3145631359404749 -2.2351742678949904e-10,0.22534177024407823 0.33901632897432665 -2.2351742678949904e-10,0.22612948379762465 0.35378920984662593 -2.2351742678949904e-10,0.22446257990647422 0.37743956193566996 -2.2351742678949904e-10,0.22400607979482398 0.39951348890341926 -2.2351742678949904e-10,0.2258557497362535 0.4186309997805968 -2.2351742678949904e-10,0.2252021861676266 0.44038406388152723 -2.2351742678949904e-10,0.22562736180206983 0.46178392602732177 -2.2351742678949904e-10,0.22523223561469852 0.48291935790280244 -2.2351742678949904e-10,0.22848524123949276 0.5021494508796939 -2.2351742678949904e-10,0.22517508890795362 0.5262036950631039 -2.2351742678949904e-10,0.22758173072969087 0.5483119144805705 -2.2351742678949904e-10,0.22492502891881044 0.5700678623420996 -2.2351742678949904e-10,0.22746768866507908 0.587559197798087 -2.2351742678949904e-10,0.22509208151474944 0.6087024980734097 -2.2351742678949904e-10,
0.23638061691985282 0.0008858779730951952 -2.2351742678949904e-10,0.23354536281354726 0.020835731975465014 -2.2351742678949904e-10,0.23832117429661898 0.04217565487811893 -2.2351742678949904e-10,0.2349734021362885 0.06278501551326907 -2.2351742678949904e-10,0.23851383928337147 0.08604967404153341 -2.2351742678949904e-10,0.2359991355329436 0.10609758351154208 -2.2351742678949904e-10,0.23760408275827077 0.12810486975636187 -2.2351742678949904e-10,0.234853204616284 0.1467853163967925 -2.2351742678949904e-10,0.23785444041936415 0.16563985652945873 -2.2351742678949904e-10,0.23732905692967007 0.18812517597343092 -2.2351742678949904e-10,0.23805740240644413 0.21030491159925307 -2.2351742678949904e-10,0.2355851315732165 0.23162411486835838 -2.2351742678949904e-10,0.2391819882186325 0.252520874868089 -2.2351742678949904e-10,0.2347826873202631 0.2718545914813159 -2.2351742678949904e-10,0.2386402623592308 0.29561756781474346 -2.2351742678949904e-10,0.23557951206229144 0.3160813168084491 -2.2351742678949904e-10,0.23638048381873622 0.3369471320186126 -2.2351742678949904e-10,0.23639830881148596 0.3564058148017741 -2.2351742678949904e-10,0.2350769292735692 0.37719540084947467 -2.2351742678949904e-10,0.24071646868500166 0.39984072414830996 -2.2351742678949904e-10,0.23814892872119836 0.42135257737237053 -2.2351742678949904e-10,0.23548847792072797 0.4408651588519507 -2.2351742678949904e-10,0.2407669730757179 0.4643598799682516 -2.2351742678949904e-10,0.23782231659058786 0.4833305501077545 -2.2351742678949904e-10,0.23724337734575793 0.5018507840793338 -2.2351742678949904e-10,0.23843083727303424 0.5278823677538365 -2.2351742678949904e-10,0.23752987371564227 0.5473539830144407 -2.2351742678949904e-10,0.23680269897435496 0.5671328357800691 -2.2351742678949904e-10,0.23574259543959417 0.5871204657004878 -2.2351742678949904e-10,0.23490348874050176 0.6057565220834141 -2.2351742678949904e-10,
0.24541853884770407 0.0022624810867710172 -2.2351742678949904e-10,0.24936135746440544 0.02138626494305094 -2.2351742678949904e-10,0.24576594826366158 0.04229015446946904 -2.2351742678949904e-10,0.24882451751377435 0.06375464808517439 -2.2351742678949904e-10,0.24992987588328516 0.0833439898193361 -2.2351742678949904e-10,0.24434953507197624 0.1061870757246286 -2.2351742678949904e-10,0.2508475811757043 0.1274273000818421 -2.2351742678949904e-10,0.2477332970254269 0.1480633391997599 -2.2351742678949904e-10,0.24778060236026858 0.1665086992066407 -2.2351742678949904e-10,0.24848959633950912 0.19086090805812944 -2.2351742678949904e-10,0.24667549261846752 0.21176893976870087 -2.2351742678949904e-10,0.24890363303593355 0.22852886112933063 -2.2351742678949904e-10,0.2482689201133344 0.25175938379149315 -2.2351742678949904e-10,0.2490034366918694 0.2741489231075863 -2.2351742678949904e-10,0.2477137844372685 0.294230383503613 -2.2351742678949904e-10,0.2477231693867174 0.31573718443669024 -2.2351742678949904e-10,0.2470305565980799 0.33689159351223597 -2.2351742678949904e-10,0.24891315086510624 0.35835391448547543 -2.2351742678949904e-10,0.24700272148277316 0.3778136205875575 -2.2351742678949904e-10,0.2482991225049086 0.39530284585022124 -2.2351742678949904e-10,0.24706283328354794 0.42135440582345696 -2.2351742678949904e-10,0.2508487828869165 0.44143460121212647 -2.2351742678949904e-10,0.25116531643422846 0.4611056857301865 -2.2351742678949904e-10,0.2457554423304922 0.4845422634370629 -2.2351742678949904e-10,0.24612221595981973 0.5079071644705122 -2.2351742678949904e-10,0.24624086673633877 0.5245891187335585 -2.2351742678949904e-10,0.25044707383644044 0.5461766515931167 -2.2351742678949904e-10,0.24854820761121 0.5644970928747624 -2.2351742678949904e-10,0.247133580233993 0.5883796736448393 -2.2351742678949904e-10,0.25273423618607865 0.605431828472917 -2.2351742678949904e-10,
0.26100083099988075 7.424298606437974e-05 -2.2351742678949904e-10,0.26082127678415307 0.022272367185176556 -2.2351742678949904e-10,0.2581219427734899 0.04299510163142295 -2.2351742678949904e-10,0.2595745960890602 0.06267540001899408 -2.2351742678949904e-10,0.2590842340697906 0.08645286999493929 -2.2351742678949904e-10,0.25956237735148957 0.10519014693794493 -2.2351742678949904e-10,0.2617622857645227 0.12659228520210652 -2.2351742678949904e-10,0.2585720916433293 0.1472532689691869 -2.2351742678949904e-10,0.2606081466678474 0.17008505899231557 -2.2351742678949904e-10,0.26176660935014207 0.18647907894524035 -2.2351742678949904e-10,0.25806340235017156 0.2110233557504016 -2.2351742678949904e-10,0.2613121163720029 0.22988569528515873 -2.2351742678949904e-10,0.25965651088247005 0.2552380335082522 -2.2351742678949904e-10,0.2628474094072628 0.2716135367605343 -2.2351742678949904e-10,0.26036227840840065 0.29629435756663886 -2.2351742678949904e-10,0.2613528416670921 0.3177094249972027 -2.2351742678949904e-10,0.2576276929796227 0.3346820607370126 -2.2351742678949904e-10,0.25987629138817664 0.3571597406475502 -2.2351742678949904e-10,0.2602949458511125 0.379834237968091 -2.2351742678949904e-10,0.26175121519090355 0.40106168821353505 -2.2351742678949904e-10,0.2582161208878201 0.41837507850279976 -2.2351742678949904e-10,0.2608149215756301 0.4443384227189149 -2.2351742678949904e-10,0.26219030589064807 0.4616851515815518 -2.2351742678949904e-10,0.25871845291226697 0.4831549415970564 -2.2351742678949904e-10,0.26045833749523545 0.5051838325360947 -2.2351742678949904e-10,0.2589588659852778 0.5240883874173408 -2.2351742678949904e-10,0.2570052387099055 0.5467386255081528 -2.2351742678949904e-10,0.2593457606128641 0.5674033756850115 -2.2351742678949904e-10,0.25788774412919724 0.5860295298985513 -2.2351742678949904e-10,0.26061801786342514 0.6083431157107181 -2.2351742678949904e-10,
0.2713892369013088 7.396217712312731e-06 0.0038892276910947425,0.2694320100878374 0.02103465187199287 0.0019319988010767526,0.2669554380875165 0.04315390813680042 -2.2351742678949904e-10,0.26941800295858065 0.06224334644999676 0.001917991656958936,0.2710100610043426 0.08445840336920481 0.003510051391836697,0.26872482149562027 0.10398865712772659 0.0012248094585581952,0.2699605830056595 0.12474384708875405 0.0024605722796955456,0.26859073186569216 0.1458044746132802 0.0010907196863658708,0.2679987872614556 0.16759403349133617 0.0004987744540975551,0.27032926252559686 0.19174539220585432 0.0028292521907885004,0.2692775031460461 0.20908708373866228 0.0017774916953592172,0.270441723991432 0.23066203991933687 0.002941713775941178,0.2694125775862035 0.2542646979935819 0.0019125662788256823,0.2704981771324515 0.2745963015621331 0.0029981669768553883,0.2708565317894807 0.29590435733537823 0.0033565220140858824,0.27083368988294565 0.3158087853906414 0.0033336800833163906,0.26969881476632324 0.3357686657753685 0.0021988037626326645,0.2690429813785303 0.35845734218640823 0.0015429696790243072,0.26867436650306004 0.37652710259652 0.0011743544124670734,0.26990415320515304 0.39807123105448183 0.0024041424193190775,0.26859743202115344 0.4200389237164083 0.0010974198489357503,0.2711815391733581 0.4414798254161444 0.003681529742784269,0.2691277296201775 0.4604335998280328 0.0016277180105863515,0.27017351296424347 0.48415339632023197 0.0026735024641904494,0.26891655638887046 0.5037916759777222 0.0014165445552321732,0.27028307530918544 0.5254936097982809 0.0027830649253740743,0.2691009947164686 0.5459439038638261 0.0016009830785126498,0.2676242826292666 0.5677620465281232 0.00012426942457275866,0.2703633798422275 0.589215956371389 0.0028633695436163804,0.26881136348475915 0.6045735026399833 0.0013113515395149992,
0.2873636356832623 0.0015978359729988635 0.005136376370135102,0.28797267984330505 0.021466774261232165 0.0045273330159925065,0.2894691279649386 0.04335498713130391 0.0030308868744908703,0.2879928085760286 0.06338630410156793 0.004507204309903748,0.2857285544273085 0.08460798200243624 0.0067714554625147114,0.2858494022060922 0.10557225498391302 0.006650607843639361,0.2866683134766623 0.1294779375071281 0.005831697656670037,0.2870629596459219 0.1449262856189377 0.0054370520096146315,0.28660890333999334 0.16861157654803974 0.0058911077147262,0.2873071117912052 0.18759114537826863 0.005192900187398589,0.28692116506367865 0.2122285068351863 0.0055788464042322555,0.28886558431080617 0.23011518033253198 0.0036344297300015577,0.2892314843197812 0.25192950125551306 0.0032685302051931567,0.288287807404793 0.27200661311499347 0.004212205871488075,0.285952200761959 0.293087038847936 0.006547809423797787,0.2886518395712482 0.31696117526522616 0.003848174186727928,0.2849746971084638 0.33823021278130727 0.00752531178383942,0.2862422984574187 0.3575262616200787 0.006257712112201493,0.2868220192182406 0.37979887000134244 0.005677992118478426,0.2877622406062795 0.398074824677546 0.004737771974560399,0.2872623037336609 0.41875389083473247 0.005237708185651895,0.28691245524978504 0.44261695434265563 0.005587556206600869,0.2869537139541034 0.46483944212008144 0.0055462975568768905,0.28555928619851395 0.47916774027911657 0.006940723467329901,0.28694887040074785 0.5012122219295126 0.005551141103823315,0.28838812070019754 0.5263106526106031 0.004111892708820173,0.28756133117102356 0.5451268734824714 0.0049386811439687305,0.28737163888215145 0.5657903877509426 0.0051283731818359745,0.2884378832010785 0.5884557091551792 0.004062130273786026,0.288242937875847 0.6060560580101843 0.004257075341061761,
0.29215699951925167 0.00191370478265281 0.0003430188768264704,0.2931582681195489 0.02078554957932959 0.000658249030653044,0.2946286408491484 0.041547903225327344 0.002128622225116214,0.29213178467114714 0.06356093680532882 0.00036823369156615876,0.29438434816345654 0.0848600048181949 0.0018843294621903213,0.292999133260068 0.10840257836491336 0.0004991141208609898,0.29532907142779313 0.12462007042148254 0.0028290530252046524,0.2916456876671915 0.14833789853521306 0.0008543300523079528,0.2945722908108023 0.16917933993745246 0.002072272168954826,0.2923602471834164 0.1898781308641468 0.00013977148160333207,0.2916059900957711 0.21066801872451402 0.0008940275711996689,0.29275977390542196 0.2356202506540058 0.00025975469054062734,0.29334154719447436 0.25314390003472603 0.0008415281635227884,0.2927135723556929 0.27215209682810165 0.00021355312620477407,0.2951185696080034 0.297326462392005 0.0026185511388640316,0.2921207215708992 0.31316239387121725 0.00037929677717518634,0.2925660415259176 0.33612411129090997 6.602224978706148e-05,0.2941861263529507 0.3568356411034829 0.0016861075890159775,0.29318099023086325 0.38012612947035174 0.0006809711491510134,0.29554747849440466 0.39859380230375385 0.0030474601608663707,0.2939593109605404 0.42037357723325286 0.0014592921248971023,0.2923099852871917 0.44361216362766653 0.0001900333113204467,0.2927594691117969 0.45996038085137075 0.00025944989681922145,0.2951641216068608 0.4834713809485357 0.0026641031521227945,0.2933573797834343 0.5015557499284838 0.0008573607574882888,0.2927753735697102 0.5272372078298053 0.0002753543597607648,0.2949569574839933 0.5469427226657422 0.0024569389637596525,0.29401960341048405 0.567853481056084 0.0015195845939024403,0.2954452882303395 0.5873478267928285 0.0029452698644933644,0.2941120245793572 0.6088900862192377 0.0016120057919949138,
0.31142737768401646 0.0018070911208641692 0.006052956896544272,0.3110470234449567 0.02042061242462947 0.0064333108309275015,0.3118804352566356 0.04348525608244857 0.005599899686839485,0.3106218526048723 0.06369496431091225 0.006858481330435774,0.31268241317738926 0.0829428161603327 0.004797922408497094,0.3130644282092202 0.10724290710115349 0.004415907682673067,0.3130360483068091 0.12598258755156239 0.0044442875623508914,0.31066291008798824 0.14605759339461652 0.0068174238802082366,0.31031827844219795 0.17062179241503372 0.007162055249937023,0.31250291919712947 0.1882656063483681 0.004977416244976199,0.3107117488266773 0.21016159696482592 0.006768585180640663,0.30994633296821383 0.2281049178388074 0.007534000425980286,0.3103927906190297 0.2535631206210908 0.007087543132792,0.3111801044034737 0.27085640457189525 0.00630022997901282,0.31257897100847937 0.29517232942545935 0.004901364494546328,0.31130143559792084 0.3174854962872832 0.006178898881756075,0.30993210916950314 0.3364920879896941 0.007548224213297245,0.312481639165946 0.3561671717390879 0.004998696259113611,0.3106212830044304 0.37624972446211175 0.006859050930421368,0.3101316885251107 0.399907084367618 0.00734864501755948,0.31289532120578833 0.42238735567784425 0.004585014550644552,0.3124898002490904 0.44367731765960955 0.004990535182506555,0.3102172942087231 0.46336330327444974 0.007263039402520053,0.3104090292396836 0.4836871476754948 0.007071304525145759,0.31178647330472375 0.5036090271803902 0.0056938615634846545,0.31354393192436175 0.5269778580463318 0.003936404351630085,0.3104809928357477 0.5462785711981073 0.006999340986726949,0.31124439396735 0.5693903526852678 0.0062359404666346395,0.3115537200108412 0.58574113967499 0.005926614670923987,0.31191809947714266 0.608795138222436 0.005562235496502744,
0.3168353298133823 7.812538911972769e-05 0.0006450090991299199,0.31744677488517387 0.022438425178553545 3.356451712641667e-05,0.31679058406504684 0.04359365668378057 0.0006897548116225658,0.31664262444336533 0.061890873541614266 0.0008377143147834501,0.3145716173710874 0.08459335392350092 0.0029087197281150202,0.31709426009360303 0.10441658354289962 0.0003860790263210879,0.31693171733896075 0.1274090389444995 0.0005486216507611625,0.31695316673648105 0.1484498832321272 0.0005271722704225236,0.31704574009268305 0.1655223275164302 0.0004345989883749172,0.31745850205492004 0.18854246496241178 2.183735677413255e-05,0.3168366356841928 0.20932574651170704 0.0006437032293655019,0.3172628386615173 0.23002064267303235 0.00021750059344392906,0.3144367550852732 0.24886881224525798 0.003043581905900031,0.3144435974320852 0.2743277822105545 0.0030367395645689668,0.31697544895916246 0.2959285832595785 0.0005048900655899052,0.3164144928273888 0.31745822114287003 0.001065845748018865,0.31706296461961225 0.3360536717477725 0.0004173744752431298,0.3168277528087081 0.3552306997910207 0.0006525860977347118,0.31734064197961487 0.38043157852449316 0.0001396973376694345,0.31680315971359896 0.40259184617443566 0.0006771791731439454,0.3159433272653625 0.4219517230915912 0.0015370109326256994,0.3173977614854107 0.4410369285937596 8.257787762818381e-05,0.31596200236026195 0.4646283602894376 0.0015183358526856068,0.3168213809379207 0.4809437385202091 0.0006589579634180202,0.3173716261500085 0.5060412771753479 0.00010871319209511271,0.31354393192436175 0.5269778580463318 0.003936404351630085,0.3174417068353928 0.5489325413242367 3.863256284779725e-05,0.31733931269826265 0.5702023403223787 0.00014102661795681301,0.3149505216536352 0.5871034178715863 0.002529815749082348,0.31588664488140455 0.6066770762517024 0.0015936932711791414,
0.999999816376325,-0.0006060035780792135,2.64190938415501e-06,
0.000606003580126631,0.9999998163795139,-7.742559394194314e-07,
